left_loan_id,right_loan_id,cosine_similarity,risk_level,query_path,match_path
loan_016,loan_058,0.9799247980117798,medium,D:\GitHub\jinchuang\23-多模态技术与数据治理赛道-基于多模态大模型的金融影像智能相似度检测模型\基于多模态大模型的金融影像智能相似度检测模型\loan_016\face_signing.jpg,D:\GitHub\jinchuang\23-多模态技术与数据治理赛道-基于多模态大模型的金融影像智能相似度检测模型\基于多模态大模型的金融影像智能相似度检测模型\loan_058\face_signing.jpg
loan_028,loan_065,0.9795780181884766,medium,D:\GitHub\jinchuang\23-多模态技术与数据治理赛道-基于多模态大模型的金融影像智能相似度检测模型\基于多模态大模型的金融影像智能相似度检测模型\loan_065\face_signing.jpg,D:\GitHub\jinchuang\23-多模态技术与数据治理赛道-基于多模态大模型的金融影像智能相似度检测模型\基于多模态大模型的金融影像智能相似度检测模型\loan_028\face_signing.jpg
loan_043,loan_070,0.9789483547210692,medium,D:\GitHub\jinchuang\23-多模态技术与数据治理赛道-基于多模态大模型的金融影像智能相似度检测模型\基于多模态大模型的金融影像智能相似度检测模型\loan_043\face_signing.jpg,D:\GitHub\jinchuang\23-多模态技术与数据治理赛道-基于多模态大模型的金融影像智能相似度检测模型\基于多模态大模型的金融影像智能相似度检测模型\loan_070\face_signing.jpg
loan_042,loan_068,0.9789076447486876,medium,D:\GitHub\jinchuang\23-多模态技术与数据治理赛道-基于多模态大模型的金融影像智能相似度检测模型\基于多模态大模型的金融影像智能相似度检测模型\loan_068\face_signing.jpg,D:\GitHub\jinchuang\23-多模态技术与数据治理赛道-基于多模态大模型的金融影像智能相似度检测模型\基于多模态大模型的金融影像智能相似度检测模型\loan_042\face_signing.jpg
loan_025,loan_063,0.9788599014282228,medium,D:\GitHub\jinchuang\23-多模态技术与数据治理赛道-基于多模态大模型的金融影像智能相似度检测模型\基于多模态大模型的金融影像智能相似度检测模型\loan_025\face_signing.jpg,D:\GitHub\jinchuang\23-多模态技术与数据治理赛道-基于多模态大模型的金融影像智能相似度检测模型\基于多模态大模型的金融影像智能相似度检测模型\loan_063\face_signing.jpg
loan_068,loan_069,0.9786275625228882,medium,D:\GitHub\jinchuang\23-多模态技术与数据治理赛道-基于多模态大模型的金融影像智能相似度检测模型\基于多模态大模型的金融影像智能相似度检测模型\loan_068\face_signing.jpg,D:\GitHub\jinchuang\23-多模态技术与数据治理赛道-基于多模态大模型的金融影像智能相似度检测模型\基于多模态大模型的金融影像智能相似度检测模型\loan_069\face_signing.jpg
loan_023,loan_062,0.978282392024994,medium,D:\GitHub\jinchuang\23-多模态技术与数据治理赛道-基于多模态大模型的金融影像智能相似度检测模型\基于多模态大模型的金融影像智能相似度检测模型\loan_062\face_signing.jpg,D:\GitHub\jinchuang\23-多模态技术与数据治理赛道-基于多模态大模型的金融影像智能相似度检测模型\基于多模态大模型的金融影像智能相似度检测模型\loan_023\face_signing.jpg
loan_013,loan_057,0.977027177810669,medium,D:\GitHub\jinchuang\23-多模态技术与数据治理赛道-基于多模态大模型的金融影像智能相似度检测模型\基于多模态大模型的金融影像智能相似度检测模型\loan_013\face_signing.jpg,D:\GitHub\jinchuang\23-多模态技术与数据治理赛道-基于多模态大模型的金融影像智能相似度检测模型\基于多模态大模型的金融影像智能相似度检测模型\loan_057\face_signing.jpg
loan_070,loan_071,0.9767934679985046,medium,D:\GitHub\jinchuang\23-多模态技术与数据治理赛道-基于多模态大模型的金融影像智能相似度检测模型\基于多模态大模型的金融影像智能相似度检测模型\loan_070\face_signing.jpg,D:\GitHub\jinchuang\23-多模态技术与数据治理赛道-基于多模态大模型的金融影像智能相似度检测模型\基于多模态大模型的金融影像智能相似度检测模型\loan_071\face_signing.jpg
loan_028,loan_064,0.976655662059784,medium,D:\GitHub\jinchuang\23-多模态技术与数据治理赛道-基于多模态大模型的金融影像智能相似度检测模型\基于多模态大模型的金融影像智能相似度检测模型\loan_064\face_signing.jpg,D:\GitHub\jinchuang\23-多模态技术与数据治理赛道-基于多模态大模型的金融影像智能相似度检测模型\基于多模态大模型的金融影像智能相似度检测模型\loan_028\face_signing.jpg
loan_042,loan_069,0.9760713577270508,medium,D:\GitHub\jinchuang\23-多模态技术与数据治理赛道-基于多模态大模型的金融影像智能相似度检测模型\基于多模态大模型的金融影像智能相似度检测模型\loan_042\face_signing.jpg,D:\GitHub\jinchuang\23-多模态技术与数据治理赛道-基于多模态大模型的金融影像智能相似度检测模型\基于多模态大模型的金融影像智能相似度检测模型\loan_069\face_signing.jpg
loan_072,loan_073,0.9757980704307556,medium,D:\GitHub\jinchuang\23-多模态技术与数据治理赛道-基于多模态大模型的金融影像智能相似度检测模型\基于多模态大模型的金融影像智能相似度检测模型\loan_072\face_signing.jpg,D:\GitHub\jinchuang\23-多模态技术与数据治理赛道-基于多模态大模型的金融影像智能相似度检测模型\基于多模态大模型的金融影像智能相似度检测模型\loan_073\face_signing.jpg
loan_060,loan_061,0.9756958484649658,medium,D:\GitHub\jinchuang\23-多模态技术与数据治理赛道-基于多模态大模型的金融影像智能相似度检测模型\基于多模态大模型的金融影像智能相似度检测模型\loan_060\face_signing.jpg,D:\GitHub\jinchuang\23-多模态技术与数据治理赛道-基于多模态大模型的金融影像智能相似度检测模型\基于多模态大模型的金融影像智能相似度检测模型\loan_061\face_signing.jpg
loan_035,loan_066,0.9756929278373718,medium,D:\GitHub\jinchuang\23-多模态技术与数据治理赛道-基于多模态大模型的金融影像智能相似度检测模型\基于多模态大模型的金融影像智能相似度检测模型\loan_066\face_signing.jpg,D:\GitHub\jinchuang\23-多模态技术与数据治理赛道-基于多模态大模型的金融影像智能相似度检测模型\基于多模态大模型的金融影像智能相似度检测模型\loan_035\face_signing.jpg
loan_035,loan_067,0.9756802916526794,medium,D:\GitHub\jinchuang\23-多模态技术与数据治理赛道-基于多模态大模型的金融影像智能相似度检测模型\基于多模态大模型的金融影像智能相似度检测模型\loan_035\face_signing.jpg,D:\GitHub\jinchuang\23-多模态技术与数据治理赛道-基于多模态大模型的金融影像智能相似度检测模型\基于多模态大模型的金融影像智能相似度检测模型\loan_067\face_signing.jpg
loan_012,loan_056,0.9756375551223756,medium,D:\GitHub\jinchuang\23-多模态技术与数据治理赛道-基于多模态大模型的金融影像智能相似度检测模型\基于多模态大模型的金融影像智能相似度检测模型\loan_056\face_signing.jpg,D:\GitHub\jinchuang\23-多模态技术与数据治理赛道-基于多模态大模型的金融影像智能相似度检测模型\基于多模态大模型的金融影像智能相似度检测模型\loan_012\face_signing.jpg
loan_043,loan_071,0.975453555583954,medium,D:\GitHub\jinchuang\23-多模态技术与数据治理赛道-基于多模态大模型的金融影像智能相似度检测模型\基于多模态大模型的金融影像智能相似度检测模型\loan_043\face_signing.jpg,D:\GitHub\jinchuang\23-多模态技术与数据治理赛道-基于多模态大模型的金融影像智能相似度检测模型\基于多模态大模型的金融影像智能相似度检测模型\loan_071\face_signing.jpg
loan_002,loan_051,0.9753119349479676,medium,D:\GitHub\jinchuang\23-多模态技术与数据治理赛道-基于多模态大模型的金融影像智能相似度检测模型\基于多模态大模型的金融影像智能相似度检测模型\loan_002\face_signing.jpg,D:\GitHub\jinchuang\23-多模态技术与数据治理赛道-基于多模态大模型的金融影像智能相似度检测模型\基于多模态大模型的金融影像智能相似度检测模型\loan_051\face_signing.jpg
loan_017,loan_060,0.974828600883484,medium,D:\GitHub\jinchuang\23-多模态技术与数据治理赛道-基于多模态大模型的金融影像智能相似度检测模型\基于多模态大模型的金融影像智能相似度检测模型\loan_060\face_signing.jpg,D:\GitHub\jinchuang\23-多模态技术与数据治理赛道-基于多模态大模型的金融影像智能相似度检测模型\基于多模态大模型的金融影像智能相似度检测模型\loan_017\face_signing.jpg
loan_064,loan_065,0.9747915863990784,medium,D:\GitHub\jinchuang\23-多模态技术与数据治理赛道-基于多模态大模型的金融影像智能相似度检测模型\基于多模态大模型的金融影像智能相似度检测模型\loan_064\face_signing.jpg,D:\GitHub\jinchuang\23-多模态技术与数据治理赛道-基于多模态大模型的金融影像智能相似度检测模型\基于多模态大模型的金融影像智能相似度检测模型\loan_065\face_signing.jpg
loan_005,loan_052,0.9747554659843444,medium,D:\GitHub\jinchuang\23-多模态技术与数据治理赛道-基于多模态大模型的金融影像智能相似度检测模型\基于多模态大模型的金融影像智能相似度检测模型\loan_052\face_signing.jpg,D:\GitHub\jinchuang\23-多模态技术与数据治理赛道-基于多模态大模型的金融影像智能相似度检测模型\基于多模态大模型的金融影像智能相似度检测模型\loan_005\face_signing.jpg
loan_045,loan_073,0.9726481437683104,medium,D:\GitHub\jinchuang\23-多模态技术与数据治理赛道-基于多模态大模型的金融影像智能相似度检测模型\基于多模态大模型的金融影像智能相似度检测模型\loan_045\face_signing.jpg,D:\GitHub\jinchuang\23-多模态技术与数据治理赛道-基于多模态大模型的金融影像智能相似度检测模型\基于多模态大模型的金融影像智能相似度检测模型\loan_073\face_signing.jpg
loan_045,loan_072,0.9725449085235596,medium,D:\GitHub\jinchuang\23-多模态技术与数据治理赛道-基于多模态大模型的金融影像智能相似度检测模型\基于多模态大模型的金融影像智能相似度检测模型\loan_072\face_signing.jpg,D:\GitHub\jinchuang\23-多模态技术与数据治理赛道-基于多模态大模型的金融影像智能相似度检测模型\基于多模态大模型的金融影像智能相似度检测模型\loan_045\face_signing.jpg
loan_012,loan_055,0.972240686416626,medium,D:\GitHub\jinchuang\23-多模态技术与数据治理赛道-基于多模态大模型的金融影像智能相似度检测模型\基于多模态大模型的金融影像智能相似度检测模型\loan_012\face_signing.jpg,D:\GitHub\jinchuang\23-多模态技术与数据治理赛道-基于多模态大模型的金融影像智能相似度检测模型\基于多模态大模型的金融影像智能相似度检测模型\loan_055\face_signing.jpg
loan_055,loan_056,0.971032977104187,medium,D:\GitHub\jinchuang\23-多模态技术与数据治理赛道-基于多模态大模型的金融影像智能相似度检测模型\基于多模态大模型的金融影像智能相似度检测模型\loan_055\face_signing.jpg,D:\GitHub\jinchuang\23-多模态技术与数据治理赛道-基于多模态大模型的金融影像智能相似度检测模型\基于多模态大模型的金融影像智能相似度检测模型\loan_056\face_signing.jpg
loan_003,loan_005,0.9633510112762452,medium,D:\GitHub\jinchuang\23-多模态技术与数据治理赛道-基于多模态大模型的金融影像智能相似度检测模型\基于多模态大模型的金融影像智能相似度检测模型\loan_005\face_signing.jpg,D:\GitHub\jinchuang\23-多模态技术与数据治理赛道-基于多模态大模型的金融影像智能相似度检测模型\基于多模态大模型的金融影像智能相似度检测模型\loan_003\face_signing.jpg
loan_005,loan_008,0.9618053436279296,medium,D:\GitHub\jinchuang\23-多模态技术与数据治理赛道-基于多模态大模型的金融影像智能相似度检测模型\基于多模态大模型的金融影像智能相似度检测模型\loan_008\face_signing.jpg,D:\GitHub\jinchuang\23-多模态技术与数据治理赛道-基于多模态大模型的金融影像智能相似度检测模型\基于多模态大模型的金融影像智能相似度检测模型\loan_005\face_signing.jpg
loan_002,loan_004,0.9545402526855468,medium,D:\GitHub\jinchuang\23-多模态技术与数据治理赛道-基于多模态大模型的金融影像智能相似度检测模型\基于多模态大模型的金融影像智能相似度检测模型\loan_002\face_signing.jpg,D:\GitHub\jinchuang\23-多模态技术与数据治理赛道-基于多模态大模型的金融影像智能相似度检测模型\基于多模态大模型的金融影像智能相似度检测模型\loan_004\face_signing.jpg
loan_003,loan_008,0.9527286291122437,medium,D:\GitHub\jinchuang\23-多模态技术与数据治理赛道-基于多模态大模型的金融影像智能相似度检测模型\基于多模态大模型的金融影像智能相似度检测模型\loan_003\face_signing.jpg,D:\GitHub\jinchuang\23-多模态技术与数据治理赛道-基于多模态大模型的金融影像智能相似度检测模型\基于多模态大模型的金融影像智能相似度检测模型\loan_008\face_signing.jpg
loan_003,loan_011,0.9526364803314208,medium,D:\GitHub\jinchuang\23-多模态技术与数据治理赛道-基于多模态大模型的金融影像智能相似度检测模型\基于多模态大模型的金融影像智能相似度检测模型\loan_011\face_signing.jpg,D:\GitHub\jinchuang\23-多模态技术与数据治理赛道-基于多模态大模型的金融影像智能相似度检测模型\基于多模态大模型的金融影像智能相似度检测模型\loan_003\face_signing.jpg
loan_004,loan_051,0.9520628452301024,medium,D:\GitHub\jinchuang\23-多模态技术与数据治理赛道-基于多模态大模型的金融影像智能相似度检测模型\基于多模态大模型的金融影像智能相似度检测模型\loan_051\face_signing.jpg,D:\GitHub\jinchuang\23-多模态技术与数据治理赛道-基于多模态大模型的金融影像智能相似度检测模型\基于多模态大模型的金融影像智能相似度检测模型\loan_004\face_signing.jpg
loan_008,loan_052,0.9510906338691713,medium,D:\GitHub\jinchuang\23-多模态技术与数据治理赛道-基于多模态大模型的金融影像智能相似度检测模型\基于多模态大模型的金融影像智能相似度检测模型\loan_008\face_signing.jpg,D:\GitHub\jinchuang\23-多模态技术与数据治理赛道-基于多模态大模型的金融影像智能相似度检测模型\基于多模态大模型的金融影像智能相似度检测模型\loan_052\face_signing.jpg
loan_003,loan_009,0.9510425329208374,medium,D:\GitHub\jinchuang\23-多模态技术与数据治理赛道-基于多模态大模型的金融影像智能相似度检测模型\基于多模态大模型的金融影像智能相似度检测模型\loan_009\face_signing.jpg,D:\GitHub\jinchuang\23-多模态技术与数据治理赛道-基于多模态大模型的金融影像智能相似度检测模型\基于多模态大模型的金融影像智能相似度检测模型\loan_003\face_signing.jpg
loan_007,loan_009,0.9505079388618468,medium,D:\GitHub\jinchuang\23-多模态技术与数据治理赛道-基于多模态大模型的金融影像智能相似度检测模型\基于多模态大模型的金融影像智能相似度检测模型\loan_009\face_signing.jpg,D:\GitHub\jinchuang\23-多模态技术与数据治理赛道-基于多模态大模型的金融影像智能相似度检测模型\基于多模态大模型的金融影像智能相似度检测模型\loan_007\face_signing.jpg
loan_003,loan_052,0.9503746032714844,medium,D:\GitHub\jinchuang\23-多模态技术与数据治理赛道-基于多模态大模型的金融影像智能相似度检测模型\基于多模态大模型的金融影像智能相似度检测模型\loan_052\face_signing.jpg,D:\GitHub\jinchuang\23-多模态技术与数据治理赛道-基于多模态大模型的金融影像智能相似度检测模型\基于多模态大模型的金融影像智能相似度检测模型\loan_003\face_signing.jpg
loan_010,loan_026,0.9502846598625184,medium,D:\GitHub\jinchuang\23-多模态技术与数据治理赛道-基于多模态大模型的金融影像智能相似度检测模型\基于多模态大模型的金融影像智能相似度检测模型\loan_026\face_signing.jpg,D:\GitHub\jinchuang\23-多模态技术与数据治理赛道-基于多模态大模型的金融影像智能相似度检测模型\基于多模态大模型的金融影像智能相似度检测模型\loan_010\face_signing.jpg
loan_005,loan_009,0.9499593377113342,medium,D:\GitHub\jinchuang\23-多模态技术与数据治理赛道-基于多模态大模型的金融影像智能相似度检测模型\基于多模态大模型的金融影像智能相似度检测模型\loan_009\face_signing.jpg,D:\GitHub\jinchuang\23-多模态技术与数据治理赛道-基于多模态大模型的金融影像智能相似度检测模型\基于多模态大模型的金融影像智能相似度检测模型\loan_005\face_signing.jpg
loan_003,loan_054,0.9489835500717164,medium,D:\GitHub\jinchuang\23-多模态技术与数据治理赛道-基于多模态大模型的金融影像智能相似度检测模型\基于多模态大模型的金融影像智能相似度检测模型\loan_054\face_signing.jpg,D:\GitHub\jinchuang\23-多模态技术与数据治理赛道-基于多模态大模型的金融影像智能相似度检测模型\基于多模态大模型的金融影像智能相似度检测模型\loan_003\face_signing.jpg
loan_010,loan_036,0.9484935998916626,medium,D:\GitHub\jinchuang\23-多模态技术与数据治理赛道-基于多模态大模型的金融影像智能相似度检测模型\基于多模态大模型的金融影像智能相似度检测模型\loan_036\face_signing.jpg,D:\GitHub\jinchuang\23-多模态技术与数据治理赛道-基于多模态大模型的金融影像智能相似度检测模型\基于多模态大模型的金融影像智能相似度检测模型\loan_010\face_signing.jpg
loan_003,loan_053,0.9474108815193176,medium,D:\GitHub\jinchuang\23-多模态技术与数据治理赛道-基于多模态大模型的金融影像智能相似度检测模型\基于多模态大模型的金融影像智能相似度检测模型\loan_053\face_signing.jpg,D:\GitHub\jinchuang\23-多模态技术与数据治理赛道-基于多模态大模型的金融影像智能相似度检测模型\基于多模态大模型的金融影像智能相似度检测模型\loan_003\face_signing.jpg
loan_017,loan_037,0.94554340839386,medium,D:\GitHub\jinchuang\23-多模态技术与数据治理赛道-基于多模态大模型的金融影像智能相似度检测模型\基于多模态大模型的金融影像智能相似度检测模型\loan_037\face_signing.jpg,D:\GitHub\jinchuang\23-多模态技术与数据治理赛道-基于多模态大模型的金融影像智能相似度检测模型\基于多模态大模型的金融影像智能相似度检测模型\loan_017\face_signing.jpg
loan_027,loan_032,0.9444424510002136,medium,D:\GitHub\jinchuang\23-多模态技术与数据治理赛道-基于多模态大模型的金融影像智能相似度检测模型\基于多模态大模型的金融影像智能相似度检测模型\loan_027\face_signing.jpg,D:\GitHub\jinchuang\23-多模态技术与数据治理赛道-基于多模态大模型的金融影像智能相似度检测模型\基于多模态大模型的金融影像智能相似度检测模型\loan_032\face_signing.jpg
loan_010,loan_033,0.944167137145996,medium,D:\GitHub\jinchuang\23-多模态技术与数据治理赛道-基于多模态大模型的金融影像智能相似度检测模型\基于多模态大模型的金融影像智能相似度检测模型\loan_010\face_signing.jpg,D:\GitHub\jinchuang\23-多模态技术与数据治理赛道-基于多模态大模型的金融影像智能相似度检测模型\基于多模态大模型的金融影像智能相似度检测模型\loan_033\face_signing.jpg
loan_033,loan_043,0.943475902080536,medium,D:\GitHub\jinchuang\23-多模态技术与数据治理赛道-基于多模态大模型的金融影像智能相似度检测模型\基于多模态大模型的金融影像智能相似度检测模型\loan_043\face_signing.jpg,D:\GitHub\jinchuang\23-多模态技术与数据治理赛道-基于多模态大模型的金融影像智能相似度检测模型\基于多模态大模型的金融影像智能相似度检测模型\loan_033\face_signing.jpg
loan_009,loan_011,0.9434486627578736,medium,D:\GitHub\jinchuang\23-多模态技术与数据治理赛道-基于多模态大模型的金融影像智能相似度检测模型\基于多模态大模型的金融影像智能相似度检测模型\loan_009\face_signing.jpg,D:\GitHub\jinchuang\23-多模态技术与数据治理赛道-基于多模态大模型的金融影像智能相似度检测模型\基于多模态大模型的金融影像智能相似度检测模型\loan_011\face_signing.jpg
loan_017,loan_073,0.9422873258590698,medium,D:\GitHub\jinchuang\23-多模态技术与数据治理赛道-基于多模态大模型的金融影像智能相似度检测模型\基于多模态大模型的金融影像智能相似度检测模型\loan_073\face_signing.jpg,D:\GitHub\jinchuang\23-多模态技术与数据治理赛道-基于多模态大模型的金融影像智能相似度检测模型\基于多模态大模型的金融影像智能相似度检测模型\loan_017\face_signing.jpg
loan_041,loan_053,0.9420357346534728,medium,D:\GitHub\jinchuang\23-多模态技术与数据治理赛道-基于多模态大模型的金融影像智能相似度检测模型\基于多模态大模型的金融影像智能相似度检测模型\loan_041\face_signing.jpg,D:\GitHub\jinchuang\23-多模态技术与数据治理赛道-基于多模态大模型的金融影像智能相似度检测模型\基于多模态大模型的金融影像智能相似度检测模型\loan_053\face_signing.jpg
loan_033,loan_071,0.9416465759277344,medium,D:\GitHub\jinchuang\23-多模态技术与数据治理赛道-基于多模态大模型的金融影像智能相似度检测模型\基于多模态大模型的金融影像智能相似度检测模型\loan_071\face_signing.jpg,D:\GitHub\jinchuang\23-多模态技术与数据治理赛道-基于多模态大模型的金融影像智能相似度检测模型\基于多模态大模型的金融影像智能相似度检测模型\loan_033\face_signing.jpg
loan_001,loan_051,0.9409357309341432,medium,D:\GitHub\jinchuang\23-多模态技术与数据治理赛道-基于多模态大模型的金融影像智能相似度检测模型\基于多模态大模型的金融影像智能相似度检测模型\loan_001\face_signing.jpg,D:\GitHub\jinchuang\23-多模态技术与数据治理赛道-基于多模态大模型的金融影像智能相似度检测模型\基于多模态大模型的金融影像智能相似度检测模型\loan_051\face_signing.jpg
loan_005,loan_011,0.9408692121505736,medium,D:\GitHub\jinchuang\23-多模态技术与数据治理赛道-基于多模态大模型的金融影像智能相似度检测模型\基于多模态大模型的金融影像智能相似度检测模型\loan_005\face_signing.jpg,D:\GitHub\jinchuang\23-多模态技术与数据治理赛道-基于多模态大模型的金融影像智能相似度检测模型\基于多模态大模型的金融影像智能相似度检测模型\loan_011\face_signing.jpg
loan_003,loan_007,0.9408255219459534,medium,D:\GitHub\jinchuang\23-多模态技术与数据治理赛道-基于多模态大模型的金融影像智能相似度检测模型\基于多模态大模型的金融影像智能相似度检测模型\loan_007\face_signing.jpg,D:\GitHub\jinchuang\23-多模态技术与数据治理赛道-基于多模态大模型的金融影像智能相似度检测模型\基于多模态大模型的金融影像智能相似度检测模型\loan_003\face_signing.jpg
loan_054,loan_071,0.9407218098640442,medium,D:\GitHub\jinchuang\23-多模态技术与数据治理赛道-基于多模态大模型的金融影像智能相似度检测模型\基于多模态大模型的金融影像智能相似度检测模型\loan_054\face_signing.jpg,D:\GitHub\jinchuang\23-多模态技术与数据治理赛道-基于多模态大模型的金融影像智能相似度检测模型\基于多模态大模型的金融影像智能相似度检测模型\loan_071\face_signing.jpg
loan_006,loan_047,0.9406509399414062,medium,D:\GitHub\jinchuang\23-多模态技术与数据治理赛道-基于多模态大模型的金融影像智能相似度检测模型\基于多模态大模型的金融影像智能相似度检测模型\loan_047\face_signing.jpg,D:\GitHub\jinchuang\23-多模态技术与数据治理赛道-基于多模态大模型的金融影像智能相似度检测模型\基于多模态大模型的金融影像智能相似度检测模型\loan_006\face_signing.jpg
loan_053,loan_071,0.9404296278953552,medium,D:\GitHub\jinchuang\23-多模态技术与数据治理赛道-基于多模态大模型的金融影像智能相似度检测模型\基于多模态大模型的金融影像智能相似度检测模型\loan_071\face_signing.jpg,D:\GitHub\jinchuang\23-多模态技术与数据治理赛道-基于多模态大模型的金融影像智能相似度检测模型\基于多模态大模型的金融影像智能相似度检测模型\loan_053\face_signing.jpg
loan_033,loan_070,0.9401214718818665,medium,D:\GitHub\jinchuang\23-多模态技术与数据治理赛道-基于多模态大模型的金融影像智能相似度检测模型\基于多模态大模型的金融影像智能相似度检测模型\loan_070\face_signing.jpg,D:\GitHub\jinchuang\23-多模态技术与数据治理赛道-基于多模态大模型的金融影像智能相似度检测模型\基于多模态大模型的金融影像智能相似度检测模型\loan_033\face_signing.jpg
loan_005,loan_007,0.9400877952575684,medium,D:\GitHub\jinchuang\23-多模态技术与数据治理赛道-基于多模态大模型的金融影像智能相似度检测模型\基于多模态大模型的金融影像智能相似度检测模型\loan_007\face_signing.jpg,D:\GitHub\jinchuang\23-多模态技术与数据治理赛道-基于多模态大模型的金融影像智能相似度检测模型\基于多模态大模型的金融影像智能相似度检测模型\loan_005\face_signing.jpg
loan_003,loan_015,0.9391154050827026,medium,D:\GitHub\jinchuang\23-多模态技术与数据治理赛道-基于多模态大模型的金融影像智能相似度检测模型\基于多模态大模型的金融影像智能相似度检测模型\loan_015\face_signing.jpg,D:\GitHub\jinchuang\23-多模态技术与数据治理赛道-基于多模态大模型的金融影像智能相似度检测模型\基于多模态大模型的金融影像智能相似度检测模型\loan_003\face_signing.jpg
loan_010,loan_043,0.9384954571723938,medium,D:\GitHub\jinchuang\23-多模态技术与数据治理赛道-基于多模态大模型的金融影像智能相似度检测模型\基于多模态大模型的金融影像智能相似度检测模型\loan_010\face_signing.jpg,D:\GitHub\jinchuang\23-多模态技术与数据治理赛道-基于多模态大模型的金融影像智能相似度检测模型\基于多模态大模型的金融影像智能相似度检测模型\loan_043\face_signing.jpg
loan_001,loan_004,0.9380770921707152,medium,D:\GitHub\jinchuang\23-多模态技术与数据治理赛道-基于多模态大模型的金融影像智能相似度检测模型\基于多模态大模型的金融影像智能相似度检测模型\loan_004\face_signing.jpg,D:\GitHub\jinchuang\23-多模态技术与数据治理赛道-基于多模态大模型的金融影像智能相似度检测模型\基于多模态大模型的金融影像智能相似度检测模型\loan_001\face_signing.jpg
loan_037,loan_061,0.937984585762024,medium,D:\GitHub\jinchuang\23-多模态技术与数据治理赛道-基于多模态大模型的金融影像智能相似度检测模型\基于多模态大模型的金融影像智能相似度检测模型\loan_061\face_signing.jpg,D:\GitHub\jinchuang\23-多模态技术与数据治理赛道-基于多模态大模型的金融影像智能相似度检测模型\基于多模态大模型的金融影像智能相似度检测模型\loan_037\face_signing.jpg
loan_041,loan_054,0.9372868537902832,medium,D:\GitHub\jinchuang\23-多模态技术与数据治理赛道-基于多模态大模型的金融影像智能相似度检测模型\基于多模态大模型的金融影像智能相似度检测模型\loan_041\face_signing.jpg,D:\GitHub\jinchuang\23-多模态技术与数据治理赛道-基于多模态大模型的金融影像智能相似度检测模型\基于多模态大模型的金融影像智能相似度检测模型\loan_054\face_signing.jpg
loan_011,loan_041,0.9372712969779968,medium,D:\GitHub\jinchuang\23-多模态技术与数据治理赛道-基于多模态大模型的金融影像智能相似度检测模型\基于多模态大模型的金融影像智能相似度检测模型\loan_041\face_signing.jpg,D:\GitHub\jinchuang\23-多模态技术与数据治理赛道-基于多模态大模型的金融影像智能相似度检测模型\基于多模态大模型的金融影像智能相似度检测模型\loan_011\face_signing.jpg
loan_001,loan_002,0.937050759792328,medium,D:\GitHub\jinchuang\23-多模态技术与数据治理赛道-基于多模态大模型的金融影像智能相似度检测模型\基于多模态大模型的金融影像智能相似度检测模型\loan_001\face_signing.jpg,D:\GitHub\jinchuang\23-多模态技术与数据治理赛道-基于多模态大模型的金融影像智能相似度检测模型\基于多模态大模型的金融影像智能相似度检测模型\loan_002\face_signing.jpg
loan_011,loan_015,0.936917006969452,medium,D:\GitHub\jinchuang\23-多模态技术与数据治理赛道-基于多模态大模型的金融影像智能相似度检测模型\基于多模态大模型的金融影像智能相似度检测模型\loan_015\face_signing.jpg,D:\GitHub\jinchuang\23-多模态技术与数据治理赛道-基于多模态大模型的金融影像智能相似度检测模型\基于多模态大模型的金融影像智能相似度检测模型\loan_011\face_signing.jpg
loan_010,loan_054,0.9366977214813232,medium,D:\GitHub\jinchuang\23-多模态技术与数据治理赛道-基于多模态大模型的金融影像智能相似度检测模型\基于多模态大模型的金融影像智能相似度检测模型\loan_010\face_signing.jpg,D:\GitHub\jinchuang\23-多模态技术与数据治理赛道-基于多模态大模型的金融影像智能相似度检测模型\基于多模态大模型的金融影像智能相似度检测模型\loan_054\face_signing.jpg
loan_008,loan_018,0.936455488204956,medium,D:\GitHub\jinchuang\23-多模态技术与数据治理赛道-基于多模态大模型的金融影像智能相似度检测模型\基于多模态大模型的金融影像智能相似度检测模型\loan_018\face_signing.jpg,D:\GitHub\jinchuang\23-多模态技术与数据治理赛道-基于多模态大模型的金融影像智能相似度检测模型\基于多模态大模型的金融影像智能相似度检测模型\loan_008\face_signing.jpg
loan_012,loan_022,0.9363504648208618,medium,D:\GitHub\jinchuang\23-多模态技术与数据治理赛道-基于多模态大模型的金融影像智能相似度检测模型\基于多模态大模型的金融影像智能相似度检测模型\loan_022\face_signing.jpg,D:\GitHub\jinchuang\23-多模态技术与数据治理赛道-基于多模态大模型的金融影像智能相似度检测模型\基于多模态大模型的金融影像智能相似度检测模型\loan_012\face_signing.jpg
loan_008,loan_053,0.9357720017433168,medium,D:\GitHub\jinchuang\23-多模态技术与数据治理赛道-基于多模态大模型的金融影像智能相似度检测模型\基于多模态大模型的金融影像智能相似度检测模型\loan_008\face_signing.jpg,D:\GitHub\jinchuang\23-多模态技术与数据治理赛道-基于多模态大模型的金融影像智能相似度检测模型\基于多模态大模型的金融影像智能相似度检测模型\loan_053\face_signing.jpg
loan_009,loan_015,0.9355660676956176,medium,D:\GitHub\jinchuang\23-多模态技术与数据治理赛道-基于多模态大模型的金融影像智能相似度检测模型\基于多模态大模型的金融影像智能相似度检测模型\loan_009\face_signing.jpg,D:\GitHub\jinchuang\23-多模态技术与数据治理赛道-基于多模态大模型的金融影像智能相似度检测模型\基于多模态大模型的金融影像智能相似度检测模型\loan_015\face_signing.jpg
loan_013,loan_049,0.935422658920288,medium,D:\GitHub\jinchuang\23-多模态技术与数据治理赛道-基于多模态大模型的金融影像智能相似度检测模型\基于多模态大模型的金融影像智能相似度检测模型\loan_049\face_signing.jpg,D:\GitHub\jinchuang\23-多模态技术与数据治理赛道-基于多模态大模型的金融影像智能相似度检测模型\基于多模态大模型的金融影像智能相似度检测模型\loan_013\face_signing.jpg
loan_024,loan_038,0.9353396892547609,medium,D:\GitHub\jinchuang\23-多模态技术与数据治理赛道-基于多模态大模型的金融影像智能相似度检测模型\基于多模态大模型的金融影像智能相似度检测模型\loan_038\face_signing.jpg,D:\GitHub\jinchuang\23-多模态技术与数据治理赛道-基于多模态大模型的金融影像智能相似度检测模型\基于多模态大模型的金融影像智能相似度检测模型\loan_024\face_signing.jpg
loan_033,loan_053,0.9350578784942628,medium,D:\GitHub\jinchuang\23-多模态技术与数据治理赛道-基于多模态大模型的金融影像智能相似度检测模型\基于多模态大模型的金融影像智能相似度检测模型\loan_033\face_signing.jpg,D:\GitHub\jinchuang\23-多模态技术与数据治理赛道-基于多模态大模型的金融影像智能相似度检测模型\基于多模态大模型的金融影像智能相似度检测模型\loan_053\face_signing.jpg
loan_040,loan_074,0.9349651336669922,medium,D:\GitHub\jinchuang\23-多模态技术与数据治理赛道-基于多模态大模型的金融影像智能相似度检测模型\基于多模态大模型的金融影像智能相似度检测模型\loan_074\face_signing.jpg,D:\GitHub\jinchuang\23-多模态技术与数据治理赛道-基于多模态大模型的金融影像智能相似度检测模型\基于多模态大模型的金融影像智能相似度检测模型\loan_040\face_signing.jpg
loan_008,loan_015,0.934213399887085,medium,D:\GitHub\jinchuang\23-多模态技术与数据治理赛道-基于多模态大模型的金融影像智能相似度检测模型\基于多模态大模型的金融影像智能相似度检测模型\loan_015\face_signing.jpg,D:\GitHub\jinchuang\23-多模态技术与数据治理赛道-基于多模态大模型的金融影像智能相似度检测模型\基于多模态大模型的金融影像智能相似度检测模型\loan_008\face_signing.jpg
loan_010,loan_070,0.9340093731880188,medium,D:\GitHub\jinchuang\23-多模态技术与数据治理赛道-基于多模态大模型的金融影像智能相似度检测模型\基于多模态大模型的金融影像智能相似度检测模型\loan_070\face_signing.jpg,D:\GitHub\jinchuang\23-多模态技术与数据治理赛道-基于多模态大模型的金融影像智能相似度检测模型\基于多模态大模型的金融影像智能相似度检测模型\loan_010\face_signing.jpg
loan_043,loan_054,0.9337303638458252,medium,D:\GitHub\jinchuang\23-多模态技术与数据治理赛道-基于多模态大模型的金融影像智能相似度检测模型\基于多模态大模型的金融影像智能相似度检测模型\loan_043\face_signing.jpg,D:\GitHub\jinchuang\23-多模态技术与数据治理赛道-基于多模态大模型的金融影像智能相似度检测模型\基于多模态大模型的金融影像智能相似度检测模型\loan_054\face_signing.jpg
loan_015,loan_054,0.9336153864860536,medium,D:\GitHub\jinchuang\23-多模态技术与数据治理赛道-基于多模态大模型的金融影像智能相似度检测模型\基于多模态大模型的金融影像智能相似度检测模型\loan_015\face_signing.jpg,D:\GitHub\jinchuang\23-多模态技术与数据治理赛道-基于多模态大模型的金融影像智能相似度检测模型\基于多模态大模型的金融影像智能相似度检测模型\loan_054\face_signing.jpg
loan_035,loan_040,0.9334383010864258,medium,D:\GitHub\jinchuang\23-多模态技术与数据治理赛道-基于多模态大模型的金融影像智能相似度检测模型\基于多模态大模型的金融影像智能相似度检测模型\loan_035\face_signing.jpg,D:\GitHub\jinchuang\23-多模态技术与数据治理赛道-基于多模态大模型的金融影像智能相似度检测模型\基于多模态大模型的金融影像智能相似度检测模型\loan_040\face_signing.jpg
loan_017,loan_045,0.933380126953125,medium,D:\GitHub\jinchuang\23-多模态技术与数据治理赛道-基于多模态大模型的金融影像智能相似度检测模型\基于多模态大模型的金融影像智能相似度检测模型\loan_017\face_signing.jpg,D:\GitHub\jinchuang\23-多模态技术与数据治理赛道-基于多模态大模型的金融影像智能相似度检测模型\基于多模态大模型的金融影像智能相似度检测模型\loan_045\face_signing.jpg
loan_061,loan_073,0.9331634640693665,medium,D:\GitHub\jinchuang\23-多模态技术与数据治理赛道-基于多模态大模型的金融影像智能相似度检测模型\基于多模态大模型的金融影像智能相似度检测模型\loan_061\face_signing.jpg,D:\GitHub\jinchuang\23-多模态技术与数据治理赛道-基于多模态大模型的金融影像智能相似度检测模型\基于多模态大模型的金融影像智能相似度检测模型\loan_073\face_signing.jpg
loan_005,loan_065,0.932181715965271,medium,D:\GitHub\jinchuang\23-多模态技术与数据治理赛道-基于多模态大模型的金融影像智能相似度检测模型\基于多模态大模型的金融影像智能相似度检测模型\loan_065\face_signing.jpg,D:\GitHub\jinchuang\23-多模态技术与数据治理赛道-基于多模态大模型的金融影像智能相似度检测模型\基于多模态大模型的金融影像智能相似度检测模型\loan_005\face_signing.jpg
loan_009,loan_020,0.9321248531341552,medium,D:\GitHub\jinchuang\23-多模态技术与数据治理赛道-基于多模态大模型的金融影像智能相似度检测模型\基于多模态大模型的金融影像智能相似度检测模型\loan_020\face_signing.jpg,D:\GitHub\jinchuang\23-多模态技术与数据治理赛道-基于多模态大模型的金融影像智能相似度检测模型\基于多模态大模型的金融影像智能相似度检测模型\loan_009\face_signing.jpg
loan_014,loan_024,0.9320888519287108,medium,D:\GitHub\jinchuang\23-多模态技术与数据治理赛道-基于多模态大模型的金融影像智能相似度检测模型\基于多模态大模型的金融影像智能相似度检测模型\loan_014\face_signing.jpg,D:\GitHub\jinchuang\23-多模态技术与数据治理赛道-基于多模态大模型的金融影像智能相似度检测模型\基于多模态大模型的金融影像智能相似度检测模型\loan_024\face_signing.jpg
loan_006,loan_038,0.9315801858901978,medium,D:\GitHub\jinchuang\23-多模态技术与数据治理赛道-基于多模态大模型的金融影像智能相似度检测模型\基于多模态大模型的金融影像智能相似度检测模型\loan_006\face_signing.jpg,D:\GitHub\jinchuang\23-多模态技术与数据治理赛道-基于多模态大模型的金融影像智能相似度检测模型\基于多模态大模型的金融影像智能相似度检测模型\loan_038\face_signing.jpg
loan_062,loan_071,0.9308663606643676,medium,D:\GitHub\jinchuang\23-多模态技术与数据治理赛道-基于多模态大模型的金融影像智能相似度检测模型\基于多模态大模型的金融影像智能相似度检测模型\loan_062\face_signing.jpg,D:\GitHub\jinchuang\23-多模态技术与数据治理赛道-基于多模态大模型的金融影像智能相似度检测模型\基于多模态大模型的金融影像智能相似度检测模型\loan_071\face_signing.jpg
loan_054,loan_070,0.9307586550712584,medium,D:\GitHub\jinchuang\23-多模态技术与数据治理赛道-基于多模态大模型的金融影像智能相似度检测模型\基于多模态大模型的金融影像智能相似度检测模型\loan_070\face_signing.jpg,D:\GitHub\jinchuang\23-多模态技术与数据治理赛道-基于多模态大模型的金融影像智能相似度检测模型\基于多模态大模型的金融影像智能相似度检测模型\loan_054\face_signing.jpg
loan_004,loan_040,0.9306654930114746,medium,D:\GitHub\jinchuang\23-多模态技术与数据治理赛道-基于多模态大模型的金融影像智能相似度检测模型\基于多模态大模型的金融影像智能相似度检测模型\loan_004\face_signing.jpg,D:\GitHub\jinchuang\23-多模态技术与数据治理赛道-基于多模态大模型的金融影像智能相似度检测模型\基于多模态大模型的金融影像智能相似度检测模型\loan_040\face_signing.jpg
loan_041,loan_070,0.9304887056350708,medium,D:\GitHub\jinchuang\23-多模态技术与数据治理赛道-基于多模态大模型的金融影像智能相似度检测模型\基于多模态大模型的金融影像智能相似度检测模型\loan_041\face_signing.jpg,D:\GitHub\jinchuang\23-多模态技术与数据治理赛道-基于多模态大模型的金融影像智能相似度检测模型\基于多模态大模型的金融影像智能相似度检测模型\loan_070\face_signing.jpg
loan_017,loan_072,0.9302549362182616,medium,D:\GitHub\jinchuang\23-多模态技术与数据治理赛道-基于多模态大模型的金融影像智能相似度检测模型\基于多模态大模型的金融影像智能相似度检测模型\loan_072\face_signing.jpg,D:\GitHub\jinchuang\23-多模态技术与数据治理赛道-基于多模态大模型的金融影像智能相似度检测模型\基于多模态大模型的金融影像智能相似度检测模型\loan_017\face_signing.jpg
loan_009,loan_065,0.93022221326828,medium,D:\GitHub\jinchuang\23-多模态技术与数据治理赛道-基于多模态大模型的金融影像智能相似度检测模型\基于多模态大模型的金融影像智能相似度检测模型\loan_065\face_signing.jpg,D:\GitHub\jinchuang\23-多模态技术与数据治理赛道-基于多模态大模型的金融影像智能相似度检测模型\基于多模态大模型的金融影像智能相似度检测模型\loan_009\face_signing.jpg
loan_060,loan_073,0.930081844329834,medium,D:\GitHub\jinchuang\23-多模态技术与数据治理赛道-基于多模态大模型的金融影像智能相似度检测模型\基于多模态大模型的金融影像智能相似度检测模型\loan_060\face_signing.jpg,D:\GitHub\jinchuang\23-多模态技术与数据治理赛道-基于多模态大模型的金融影像智能相似度检测模型\基于多模态大模型的金融影像智能相似度检测模型\loan_073\face_signing.jpg
